"Inventory Valuation by SKU65231 ­ 1553690 ONTARIO INC.Site #:65231Petro­Canada",,,,,
"Page:1Print date:4/1/2020Start time:11:35:23 am",,,,,
Category: 001ALTERNATE BEVERAGES,,,,,
Item number,Item name,Quantit,Cos,Valu,
000045266PERRIER 500ML1.0000.8200.82,,,,,
000047818PERRIER LEMON 500ML5.0000.8104.05,,,,,
000116392COKE SMRTWATER SPARK 591ML27.0001.18331.95,,,,,
000121991COKE AHA LIME WATERMELON 500ML18.0000.70812.74,,,,,
000100821PEPSI STRBUCKS MOCHAFRAP 405ML2.0002.0004.00,,,,,
000100822PEPSI STRBUCKS VAN FRAP 405ML7.0002.00014.00,,,,,
000079738VITAMIN WATER ESSENTIAL 591ML16.0001.35421.67,,,,,
000079739VITAMIN WATER FOCUS 591ML8.0001.35310.82,,,,,
000079744VITAMIN WATER XXX 591ML14.0001.54121.58,,,,,
000120176COKE VITAMINWATER FIRE 591ML6.0001.3958.37,,,,,
000090132COKE NESTEA LEMON 500ML14.0001.36619.12,,,,,
000106604PEPSI PURE LEAF LEMON TEA 547M22.0001.69837.36,,,,,
000121967PEACE TEA CHEEKY CHERRY 695 ML1.0001.2501.25,,,,,
000040877GATORADE ORANGE 710ML34.0001.39947.57,,,,,
000040880GATORADE FRT PUNCH 710ML35.0001.38448.44,,,,,
000040883GATORADE LEM LIME 710ML40.0001.39955.96,,,,,
000040885GATORADE COOL BLUE 710ML43.0001.40760.52,,,,,
000085493POWERADE ION FRUIT 710ML12.0001.66519.98,,,,,
000085494POWERADE ION BERRY 710ML13.0001.66521.64,,,,,
000089105GATORADE G2 BLUE POM 710ML32.0001.40044.80,,,,,
000089107GATORADE G2 GRAPE 710ML42.0001.42659.90,,,,,
000100830GATORADE GLACIER CHERRY 710ML36.0001.40050.40,,,,,
000106536GATORADE STRAW LEMONDAE 710ML16.0001.39622.34,,,,,
000113209POWERADE TROP MANGO 710ML4.0001.5986.39,,,,,
000115799GATORADE FROST SUM STORM 710ML21.0001.50631.63,,,,,
000115800GATORADE FROST GLAC FRZ 710ML41.0001.39957.37,,,,,
000118110POWERADE WHITE CHERRY 710ML12.0001.39216.70,,,,,
000118292COKE MMAID ORANGE 355ML10.0001.53515.35,,,,,
000118293COKE MMAID APPLE 355ML25.0001.53138.27,,,,,
000051338COKE MONSTER ENERGY 473ML29.0002.28266.18,,,,,
000052774RED BULL ENERGY DRINK 250ML53.0001.67188.58,,,,,
000069852RED BULL SUGAR FREE 250ML29.0001.67948.69,,,,,
000070324COKE FULL THROTTLE 473ML17.0002.25438.31,,,,,
000070337PEPSI ROCKSTAR 473ML26.0001.35035.11,,,,,
000070338PEPSI ROCKSTAR SUGR FREE 473ML43.0001.35058.05,,,,,
000071864COKE MONSTER LO­CARB 473ML33.0002.28475.36,,,,,
000071867COKE MONSTER ASSAULT 473ML44.0002.24898.93,,,,,
000074695PEPSI ROCKSTAR BURNER 473ML10.0001.35013.50,,,,,
000078155RED BULL ENERGY 355ML68.0002.458167.12,,,,,
000078306RED BULL SF ENERGY DRINK 355ML19.0002.45746.69,,,,,
000081557COKE MONSTER JAVA M BEAN 444ML15.0002.01330.20,,,,,
000082577PEPSI ROCKSTAR PUNCHED 473ML20.0002.14942.97,,,,,
000084127COKE NOS ORIGINAL 473ML17.0002.28438.83,,,,,
000085616RED BULL ENERGY 473ML73.0002.602189.97,,,,,
000090229COKE MONSTER ABS ZERO 473ML50.0002.172108.58,,,,,
000100639RED BULL EDITIONS BLUEBR 250ML20.0001.67233.43,,,,,
000100817PEPSI ROCKSTAR SR APPLE 473ML2.0001.3502.70,,,,,
000101396COKE MONSTER ZERO ULTRA 473ML30.0002.28468.51,,,,,
000106471COKE MONSTER ULTRA BLUE 473ML28.0002.27363.64,,,,,
000106472COKE MONSTER ULTRA RED 473ML39.0002.27288.61,,,,,
000106771RED BULL SUGAR FREE 473ML31.0002.60380.70,,,,,
000109269RED BULL ENERGY YELLOW 250ML­9.0001.670­15.03,,,,,
000109318PEPSI ROCKSTAR ZR PNCHD 473ML25.0001.72643.16,,,,,
000109340COKE MONSTR ULTRASUNRISE 473ML23.0002.28452.54,,,,,
000115825PEPSI ROCKSTAR KLLR GRP 473ML8.0001.35010.80,,,,,
000117990COKE MONSTER ULTRA VIOLET473ML1.0001.7501.75,,,,,
000118061PEPSI ROCKSTR SOUR STRAW 473ML­2.0001.350­2.70,,,,,
000118301COKE MONSTER MANGO LOCO 473ML23.0002.27952.42,,,,,
000119202RED BULL COCONUT 250ML22.0001.70637.53,,,,,
000119590PEPSI ROCKSTR REVOLT BLU 473ML23.0001.35231.09,,,,,
000119591PEPSI ROCKSTR REVOLT BLA 473ML15.0002.13532.02,,,,,
"Page:2Print date:4/1/2020Start time:11:35:23 am",,,,,
Item number,Item name,Quantit,Cos,Valu,
000119707COKE MONSTER WHIT DR TEA 458ML47.0002.283107.32,,,,,
000120573COKE MONSTER PACIFIC PUN 473ML43.0002.27097.62,,,,,
000120686RED BULL HOLIDAY SPICE 250ML9.0001.81416.33,,,,,
000121866ROCKSTR XD TH GREEN APPL 473ML12.0001.35016.20,,,,,
000121962COKE MONSTER ULTRA PARAD 473ML10.0002.28522.85,,,,,
000121963MONSTER GREEN DRAGON TEA 458ML3.0002.2836.85,,,,,
000121964COKE MONSTER YERBA MATE 458ML8.0002.28518.28,,,,,
000121966MONSTER HYDRO BLUE ICE 550ML7.0002.28415.99,,,,,
000121986MONSTER JAV SWISS CHOCOL 444ML12.0002.46729.60,,,,,
000122114COKE ENERGY ZERO SUGAR 310ML12.0002.06724.80,,,,,
000078445COKE MONSTER ENERGY 710ML7.0002.38416.69,,,,,
000113493COKE MONSTER ZERO ULTR 710ML11.0002.38526.23,,,,,
000113561RED BULL ENRGY YELLW 250ML 4PK6.0006.66740.00,,,,,
000003429COKE EVIAN 500ML32.0001.37143.87,,,,,
000039977DASANI 591ML17.0000.86814.76,,,,,
000043172AQUAFINA 591ML35.0000.93532.72,,,,,
000084819COKE SMARTWATER 591ML14.0001.17416.44,,,,,
000092800NESTLE PURE LIFE WATER 591ML11.0000.3814.19,,,,,
000103676NESTLE PURE LIFE WATER 500ML35.0000.2067.21,,,,,
000003431COKE EVIAN 1L27.0001.67545.22,,,,,
000043173AQUAFINA 1L25.0001.50037.50,,,,,
000076711FIJI WATER 1L8.0001.56012.48,,,,,
000084820COKE SMARTWATER 1L25.0001.67541.87,,,,,
000100552NESTLE PURE LIFE WATER 710ML49.0000.39319.25,,,,,
0000794965 HOUR ENERGY BERRY 57ML8.0002.40019.20,,,,,
0000803955 HOUR ENERGY ORANGE 57ML2.0002.2154.43,,,,,
0000828695 HOUR ENERGY X STR BERRY 57ML4.0002.56010.24,,,,,
0000855095 HOUR ENERGY GRAPE 57ML4.0002.2308.92,,,,,
0000923575 HOUR ENERGY X STR GRAPE 57ML14.0002.56035.84,,,,,
0001092795 HOUR ENERGY X STR WMELN 57ML7.0002.56017.92,,,,,
0001121265 HOUR XSTRNG PEACH MANGO 57ML7.0002.56017.92,,,,,
0001152215 HOUR ENERGY XSTR BR 57ML12.0002.56030.72,,,,,
"Inventory Value for Category: 0011,905.0003,372.69",,,,,
Category: 002AUTOMOTIVE,,,,,
000005864CIP AIR FRESH ROYAL PINE23.0000.56512.99,,,,,
000005867CIP AIR FRESH VANILLAROMA21.0000.55811.71,,,,,
000005869CIP AIR FRESH NEW CAR8.0000.5594.47,,,,,
000005872CIP AIR FRESH WILD CHERRY20.0000.58011.60,,,,,
000005873CIP AIR FRESH STRAWBERRY45.0000.52823.75,,,,,
000005879CIP AIR FRESH PEACH20.0000.54910.98,,,,,
000007763BOOSTER CABLE 12 FOOT1.00021.79021.79,,,,,
000009140MALLORY MAXX  SNOW BRUSH 35IN4.0004.22516.90,,,,,
000009597GAS CAN 5L HOLDS 4 7L3.0005.99017.97,,,,,
000071707CIP AIR FRESH BLACK ICE12.0000.5556.66,,,,,
000109001AIRWICK CAR FRESH CARIB LAGOON3.0003.2579.77,,,,,
000109002AIRWICK CAR FRESH CRISP LINEN2.0004.1558.31,,,,,
000118444ARMOR ALL VENT TRANQUIL SKIES3.0002.1506.45,,,,,
000118445ARMOR ALL VENT ISLAND OASIS4.0002.1508.60,,,,,
000120357ARMOR ALL VENT C CITRUS POM4.0002.1508.60,,,,,
000120358ARMOR ALL VENT C PINK GFRUIT4.0002.1508.60,,,,,
000120359ARMOR ALL VENT C VAN LVNDR4.0002.1508.60,,,,,
000120574ARMOR ALL PEN TRANQUIL SKIES9.0002.42621.83,,,,,
000120575ARMOR ALL PEN VANILLA LAVENDAR4.0002.4259.70,,,,,
000001803PC GASLINE A F UNIVERSAL 150ML36.0000.51018.36,,,,,
000005000STP GAS TREATMENT 155ML15.0002.43536.53,,,,,
000005003STP FI CLEANER 155ML8.0004.00832.06,,,,,
000005005STP OCTANE BOOSTER 155ML9.0004.06336.57,,,,,
000007246PC POWER STEERING FLD 350ML15.0002.51537.72,,,,,
000012326EMERGENCY TIRE REPAIR2.00010.35020.70,,,,,
000015065WD 40 155G11.0002.88031.68,,,,,
000033571PC DIESEL FUEL COND 1L2.0003.5457.09,,,,,
000079079STP COMPLETE FUEL SYSTEM CLNR4.0006.77527.10,,,,,
000086205PC BRAKE FLUID 450ML7.0002.78619.50,,,,,
000116966STP DIESEL FUEL SYST CLN 354ML6.0005.92835.57,,,,,
000120614STP DIESEL FILTER CLEANER 200M12.0006.30075.60,,,,,
000120615STP ULTRA DIESEL TREATME 1.89L6.00011.18367.10,,,,,
000089900PC AIR 1 DIESEL EXHA DEF 9.46L4.0007.52030.08,,,,,
000010887ARMOR ALL PROTECTANT 300ML1.0004.3304.33,,,,,
"Page:3Print date:4/1/2020Start time:11:35:23 am",,,,,
Item number,Item name,Quantit,Cos,Valu,
000039817ARMOR ALL TIRE FOAM 500G2.0005.05010.10,,,,,
000039820ARMOR ALL EX TIRE SHINE 650ML2.0005.96511.93,,,,,
000042312ARMOR ALL GLASS WIPES 25EA2.0005.19010.38,,,,,
000042313ARMOR ALL PROTECT WIPES 25EA1.0005.2805.28,,,,,
000042314ARMOR ALL CLEANING WIPES 25EA1.0005.0205.02,,,,,
000079140ARMOR ALL RIM CLEANER 710ML6.0005.43332.60,,,,,
000093579ARMOR ALL PROTECTANT SPONGE19.0000.55010.45,,,,,
000116963ARMOR ALL WASH WIPES PCH 12CT4.0005.85823.43,,,,,
000116964ARMOR ALL WAX WIPES POUCH 12CT5.0005.85829.29,,,,,
000120576ARMOR ALL GLASS AND GPS WIPES4.0005.18520.74,,,,,
000120577ARMOR ALL MICROFIBER CLOTH 3CT4.0002.67810.71,,,,,
000120578ARMOR ALL SYNTHETIC BLU CHAMOI6.0004.46326.78,,,,,
000120688MOTOR TREND MESH SCRUB SPONGE6.0002.44814.69,,,,,
000120689MOTOR TREND FOLDABLE DUSTER11.0001.22513.47,,,,,
000077213PC GLOBAL COOLANT 50­50 3.78L5.0008.00040.00,,,,,
000077214PC GLOBAL COOLANT 50­50 1.89L2.0005.39510.79,,,,,
000091554RAIN X WIPER BLADE 20 INCH1.0004.9004.90,,,,,
000091953RAIN X WINTER 18INCH5.0004.90024.50,,,,,
000106563RALLY WIPER BLADE 18­INCH4.0004.19016.76,,,,,
000082649PC DURADRIVE MV SYNTH ATF 1L14.0007.255101.57,,,,,
000001396PC SUPREME 10W30 OIL 1L11.0005.12556.37,,,,,
000001397PC SUPREME 5W30 OIL 1L3.0005.16715.50,,,,,
000001398PC SUPREME 10W40 OIL 1L8.0004.93139.45,,,,,
000001399PC SUPREME 20W50 OIL 1L4.0004.86519.46,,,,,
000009828PC 2 CYCLE OIL 1L7.0005.91341.39,,,,,
000036702PC SYNTHETIC 5W30 OIL 1L12.0008.777105.32,,,,,
000042396PC SUPREME 5W20 OIL 1L6.0005.19531.17,,,,,
000083711PC SYNTHETIC 5W20 OIL 1L12.0008.663103.95,,,,,
000115835PC DURON HP 15W40 OIL 1L4.0004.91019.64,,,,,
000070424PC WWAF 4­SEASON 4L109.0002.482270.57,,,,,
"Inventory Value for Category: 002612.0001,835.48",,,,,
Category: 004CONFECTIONERY,,,,,
000002203WRIGLEYS SKITTLES ORIG FRT 61G10.0000.7457.45,,,,,
000051542MAYNARDS SWEDISH BRRIES 64G19.0000.81415.46,,,,,
000077467MAYNARDS SOUR PATCH 60G10.0000.8118.11,,,,,
000113647DARE REAL FRUIT MEDLEY 55G15.0000.76311.45,,,,,
000001814HERSHEY ALMOND 43G17.0000.93515.89,,,,,
000001817HERSHEY REESE PB CUP 46G42.0000.95840.24,,,,,
000002158MARS SNICKERS BAR 52G22.0000.98721.71,,,,,
000002189MARS M N M PEANUT 49G24.0000.98523.64,,,,,
000002190MARS BOUNTY 57G20.0000.98619.71,,,,,
000002661NESTLE AERO MLK 42G14.0000.77810.89,,,,,
000002671NESTLE KIT KAT 45G31.0000.79424.60,,,,,
000004313CADBURY CRUNCHIE 44G26.0000.80320.88,,,,,
000004314CADBURY WUNDERBAR 58G18.0000.79714.35,,,,,
000005052HERSHEY OH HENRY PB 60G21.0000.92519.43,,,,,
000005088HERSHEY OH HENRY 58G22.0000.96421.20,,,,,
000006934CADBURY MR BIG 60G16.0000.77812.44,,,,,
000007138FERRERO KINDER SURPRISE 20G2.0000.9751.95,,,,,
000007669NESTLE COFFEE CRISP 50G3.0000.7702.31,,,,,
000013648HERSHEY COOKIES N CREME 43G39.0000.96337.54,,,,,
000036811CADBURY CRISPY CRUNCH 48G29.0000.78422.75,,,,,
000069365CADBURY DAIRY MILK 42G10.0000.8008.00,,,,,
000084935MARS REGULAR BAR 52G50.0000.98549.27,,,,,
000084938MARS TWIX BAR 50G37.0000.98536.44,,,,,
000087724NESTLE MCKTSH MACK TOFFEE 45G16.0000.77312.36,,,,,
000101338FERRERO KNDR SRPRSE GIRL 20G6.0001.0436.26,,,,,
000101449CADBURY CARAMILK REGULAR 50G26.0000.77620.17,,,,,
000109147NESTLE SMARTIES 45G21.0000.81017.00,,,,,
000113641NESTLE KIT KAT WHITE 41G19.0000.78915.00,,,,,
000116409NESTLE KIT KAT CHUNKY 40G22.0000.96121.15,,,,,
000118777HERSHEY GOLD PNUT PRETZEL 39G11.0000.92310.15,,,,,
000119179CADBURY DAIRY MILK OREO 38G15.0000.78511.77,,,,,
000119643NESTLE KIT KAT CRML FUDGE 42G23.0000.79118.19,,,,,
000119644NESTLE COFFEE CRISP THINS 36G4.0000.7833.13,,,,,
000120589HERSHEY REESE OUTRANGEOUS 41G26.0000.95224.75,,,,,
000016850NESTLE COFFEE CRISP KS 75G8.0001.2159.72,,,,,
000016851NESTLE KIT KAT KS 73G5.0001.2126.06,,,,,
"Page:4Print date:4/1/2020Start time:11:35:23 am",,,,,
Item number,Item name,Quantit,Cos,Valu,
000016855NESTLE AERO KS 63G19.0001.37626.14,,,,,
000036385HERSHEY OH HENRY KS 85G­1.0001.230­1.23,,,,,
000036386HERSHEY REESE PB CUP KS 62G20.0001.32426.48,,,,,
000047412MARS BOUNTY KS 85G13.0001.43818.69,,,,,
000050581MARS SNICKERS KS 93G22.0001.44531.80,,,,,
000070888HERSHEY REESE BIG CUP KS 79G6.0001.3207.92,,,,,
000083200NESTLE ROLO KS 90G12.0001.21014.52,,,,,
000084934MARS 2 PIECE BAR 85G11.0001.44515.90,,,,,
000084936MARS TWIX CARAMEL KS 85G22.0001.44631.82,,,,,
000085036CADBURY MR BIG 90G2.0001.2652.53,,,,,
000085039CADBURY WUNDERBAR 90G10.0001.26712.67,,,,,
000092670HERSHEY REESE STICKS KS 85G6.0001.2207.32,,,,,
000100543CADBURY CRISPY CRUNCH KS 72G17.0001.27221.62,,,,,
000100569MARS SNICKERS PNUT BTR KS 100G20.0001.44628.92,,,,,
000106379HERSHEY ALMOND KS 65G11.0001.32214.54,,,,,
000109148CADBURY CRUNCHIE KS 66G13.0001.26816.48,,,,,
000115526HERSHEY REESE PIECE BC KS 79G3.0001.3203.96,,,,,
000117663MARS SNICKERS HAZELNUT KS 91G14.0001.44620.24,,,,,
000119787NESTLE KIT KAT CHUNKY MAX 64G11.0001.20413.24,,,,,
000119788NESTLE SMARTIES SHARE SIZE 75G5.0001.2026.01,,,,,
000083708WRIGLEYS EXCEL MINTS WFRSH 34G9.0001.55113.96,,,,,
000083868WRIGLEYS EXCEL SPRMNT TIN 34G13.0001.50619.58,,,,,
000107925MENTOS NOWMINTS ORANGE 18G8.0001.0408.32,,,,,
000107927MENTOS NOWMINTS FRESHMINT 18G9.0001.0309.27,,,,,
000113517DENTYNE ICE SZ GLACR MNTS 50P5.0001.2546.27,,,,,
000116490WRIGLEYS EXCEL CHEWY PEPPR 27G8.0001.54612.37,,,,,
000116506FERRERO TIC TAC MINT 29G5.0000.9244.62,,,,,
000116507FERRERO TIC TAC ORANGE 29G5.0001.0725.36,,,,,
000119844WRIG EXCEL MINI MINT SPEAR 12G1.0000.8400.84,,,,,
000120593TIC TAC X FREEZE STR MINT 23G9.0000.9298.36,,,,,
000120594TIC TAC X FREEZE WINTERGRN 23G4.0001.1204.48,,,,,
000120646MENTOS CLEAN BREATH PEP 30PC10.0001.14211.42,,,,,
000001348MAYNARDS WINE GUMS 44G11.0000.7838.61,,,,,
000005544VAN MELLE MTOS PPMNT 37G1.0000.5800.58,,,,,
000002015HALLS CHERRY 9P20.0000.80216.03,,,,,
000002019HALLS HONEY LEMON 9P3.0000.8002.40,,,,,
000002269FISHERMANS FRND XSTR 22P19.0001.19722.74,,,,,
000033730HALLS SF BLACK CHERRY 9P8.0000.8736.98,,,,,
000046781HALLS VITAMIN C ASST CTR 9P7.0000.8716.10,,,,,
000050006FISHERMANS FRIEND CHERRY 22P19.0001.18322.48,,,,,
000072892HALLS MENTHOL XS SUGAR FREE 9P26.0000.80420.90,,,,,
000112488HALLS HONEY SINGLES 9P16.0000.87514.00,,,,,
000118789RICOLA ORIGINAL HERB STICK 32G13.0001.01613.21,,,,,
000118790RICOLA CHERRY HONEY STICK 32G33.0001.01333.43,,,,,
000120636RICOLA EX STR ICY MENTHOL 32G12.0001.10413.25,,,,,
000004123WRIGLEYS EXCEL SPEARMINT 12P11.0000.8419.25,,,,,
000004124WRIGLEYS EXCEL PEPPERMINT 12P11.0000.8439.27,,,,,
000007220WRIGLEYS EXCEL WFRSH 12P13.0000.83510.86,,,,,
000010537DENTYNE PEPPERMINT SUGR FR 12P10.0000.7007.00,,,,,
000010588DENTYNE SPEARMINT SUGAR FREE 15.0000.7303.65,,,,,
000039799WRIGLEYS EXCEL POLAR ICE 12P15.0000.84112.61,,,,,
000040916DENTYNE SHIVER SUGAR FREE 12P15.0000.70510.58,,,,,
000041561DENTYNE INTENSE SUGAR FREE 12P7.0000.7004.90,,,,,
000043346WRIGLEYS JUICY FRT PELLET 12P4.0000.8153.26,,,,,
000043532WRIGLEYS EXCEL CHLOROPHYLL 12P10.0000.8438.43,,,,,
000050601DENTYNE FIRE CINNAMON SGL 12P7.0000.7295.10,,,,,
000053770WRIGLEYS HBUB MAX ORIG 5P24.0000.74517.88,,,,,
000069924WRIGLEYS EXCEL INFERNO 12P10.0000.8358.35,,,,,
000072382WRIGLEYS EXCEL POLAR ICE 60P2.0003.2656.53,,,,,
000072383WRIGLEYS EXCEL SPEARMINT 60P3.0003.2639.79,,,,,
000077464WRIGLEYS 5 COBALT PEPPRMNT 15P9.0001.30611.75,,,,,
000077465WRIGLEYS 5 RAIN SPEARMINT 15P2.0001.3002.60,,,,,
000079875WRIGLEYS EXCEL WHTE BUBMNT 12P8.0000.8436.74,,,,,
000083875TRIDENT FRESHMINT 14P13.0001.01813.23,,,,,
000083877TRIDENT SPEAERMINT 14P16.0001.01116.17,,,,,
000083878TRIDENT TROPICAL TWIST 1414.0001.01514.21,,,,,
000090649WRIGLEYS EXCEL STRNG MINT 12P7.0000.8295.80,,,,,
000090650WRIGLEYS 5GUM PRSM EL WMLN 15P6.0001.3037.82,,,,,
000106167DENTYNE ICE AVALANCHE 12P8.0000.7035.62,,,,,
000106373WRIGLEYS 5 GUM ASCENT 15P6.0001.3057.83,,,,,
"Page:5Print date:4/1/2020Start time:11:35:23 am",,,,,
Item number,Item name,Quantit,Cos,Valu,
000107205WRIGLEYS EXCEL BUBBLMINT 12P16.0000.83613.37,,,,,
000111829DENTYNE ARCTIC BUBBLE 12P7.0000.7034.92,,,,,
000116668WRIGLEYS 5 GUM MAZE 15P18.0001.30323.45,,,,,
000116669WRIG EXCEL SOFT CH SPEARMN 15P8.0001.31010.48,,,,,
000116670WRIG EXCEL SOFT CH PEPPERM 15P6.0001.2827.69,,,,,
000117664TIC TAC GUM FRESH MINT 27G14.0000.93613.11,,,,,
000117666TIC TAC GUM WATERMELON 27G12.0000.93411.21,,,,,
000117748TRIDENT ORIGINAL 14PC7.0001.0147.10,,,,,
000119843WRIGLEYS HBUB SR BLUE RASPB 5P9.0000.7446.70,,,,,
000120645TRIDENT VIBES LEMON 40PC6.0002.81316.88,,,,,
000006699HERSHEY TWIZ STBRY 90G21.0000.84517.74,,,,,
"Inventory Value for Category: 0041,569.0001,578.43",,,,,
Category: 008FROZEN,,,,,
000006952BAGGED ICE CUBES 2.7 KG31.0001.36042.16,,,,,
000007122OREO IC SANDWICH 125ML36.0001.67060.12,,,,,
000007723HAGDAZ BAR VAN N ALMD 88ML32.0002.62083.84,,,,,
000007883HAGDAZ BAR MILK CHOC 88ML23.0002.58059.33,,,,,
000106751NESTLE LIFE SAVERS 65ML5.0001.2706.35,,,,,
000107720DRMSTK VAN CRML 140ML35.0001.67058.44,,,,,
000107721DRMSTK VAN FDG 140ML26.0001.67043.42,,,,,
000109286DRMSTK SWWET N SALTY 180ML32.0001.96062.72,,,,,
000109287DRMSTK CHOC FUDGE BR 180ML33.0001.95364.45,,,,,
000119647NESTLE DRUMSTICK ROLO 135L13.0001.67021.71,,,,,
000119766NESTLE MAY FUZZY PEACH 65ML22.0000.55012.10,,,,,
000121772NESTLE KIT KAT BARS 80ML23.0001.52034.96,,,,,
Inventory Value for Category: 008311.000549.60,,,,,
Category: 011HEALTH AND BEAUTY AIDS,,,,,
000003853TYLENOL X STRGTH CAPS 10P­1.0001.680­1.68,,,,,
000072992TYLENOL EX STR  EZ TAB 10PK5.0001.8109.05,,,,,
000118700CREST SCOPE MINI BRUSH 4PK10.0003.25032.50,,,,,
000118689DOVE FRESH ANTIPERSPIRANT 14G12.0001.79021.48,,,,,
000092352TROJAN MAGNUM 3P6.0002.20013.20,,,,,
000104011TROJAN CLASSIC LUBRICATED 3P4.0001.6156.46,,,,,
000119152TROJAN BARESKIN 3P6.0002.74516.47,,,,,
000122250COMPLIMENT HND SANITIZER 236ML24.0001.72041.28,,,,,
000007137CHAPSTICK REGULAR 42G12.0001.13413.61,,,,,
000007139CHAPSTICK CHRY 42G4.0001.2535.01,,,,,
000007140CHAPSTICK MINT 42G1.0001.2501.25,,,,,
000039088BLISTEX LIP MEDEX JAR 7G5.0002.17410.87,,,,,
000122366CUREL LOTION EXTDRY SKIN 480ML6.0007.02842.17,,,,,
Inventory Value for Category: 01194.000211.67,,,,,
Category: 013LOTTERY,,,,,
0000058151  SCRATCH N WIN 1.0047.0000.92043.24,,,,,
0000058162  SCRATCH N WIN 2.0022.0001.84040.48,,,,,
0000058175  SCRATCH N WIN 5.00106.0004.600487.60,,,,,
00000581810 LOTTO SCRATCH N WIN 10.0052.0009.200478.40,,,,,
00000581920 SCRATCH N WIN 20.0016.00018.400294.40,,,,,
0000324583  SCRATCH N WIN 3.00119.0002.760328.43,,,,,
0000404524  SCRATCH N WIN 4.0037.0003.680136.16,,,,,
000117128BIG TICKET 20 SCRATCH N WIN 201.00018.40018.40,,,,,
000084234LOTTOMAX ON LINE SALES8.0000.9507.60,,,,,
"000084566ON LINE LOTTERY­1,917.0000.950­1,821.15",,,,,
"Inventory Value for Category: 013­1,509.00013.56",,,,,
Category: 015GENERAL MERCHANDISE,,,,,
000088082ENERGIZER MAX AA 4PK3.0003.50010.50,,,,,
000088083ENERGIZER C 2PK3.0004.31012.93,,,,,
000090395ENERGIZER 9V2.0004.9609.92,,,,,
000090396ENERGIZER AAA 2PK3.0002.4907.47,,,,,
000091437BATTERY ENERGIZER D23.0003.63010.89,,,,,
000091506ENERGIZER MAX AA 8PK2.0006.36512.73,,,,,
000043081WINDEX BLUE TRIGGER 765ML1.0004.2404.24,,,,,
000122334CLOROX LIQ BLEACH ORIGIN 2.4L6.0004.25325.52,,,,,
000118512CPC UMBRELLA WINDPROOF1.0007.5007.50,,,,,
"Page:6Print date:4/1/2020Start time:11:35:23 am",,,,,
Item number,Item name,Quantit,Cos,Valu,
000119276CPC UMBRELLA MANUAL2.0005.00010.00,,,,,
000050262ALASKAN PREM ICE MELT 5KG JUG15.0006.763101.44,,,,,
000046088SUNDOG EYEWEAR 19.9930.0009.665289.96,,,,,
000050587SUNDOG SUNGLASSES 24.9911.00012.331135.64,,,,,
000118127CPC DRIVING SUNGLASSES 19.994.0007.95031.80,,,,,
000107913CPC 8PIN SYNC N CHARGE CBL IP543.0003.000129.00,,,,,
000108165CPC STEREO EARPHONES EA44.0004.002176.07,,,,,
000108172CPC MICRO USB SYNC CHARGE CBL33.0002.50082.50,,,,,
000108720CPC AUXILIARY CABLE 3.5MM28.0002.50070.00,,,,,
000109743CPC DUAL USB CAR CHARGR 2.1AMP28.0003.49897.93,,,,,
000111967CPC USB 2 TONE FLAT BRAID CBL1.0005.0005.00,,,,,
000111969CPC MICRO USB FLAT BRAID CABLE3.0004.50013.50,,,,,
000112963CPC METALLIC CABLE 8 PIN37.0003.895144.12,,,,,
000112964CPC PRINTED CHARG CABLE 8 PIN26.0003.00078.00,,,,,
000112965CPC MICRO USB LED CABLE 8PIN13.0004.00052.00,,,,,
000115547CPC 2.1 A (ETL) AC CHARGER EA23.0004.447102.29,,,,,
000115548CPC SLEEK CABLE 8 PIN EA4.0005.00020.00,,,,,
000115549CPC SLEEK CABLE MICRO USB EA7.0004.91434.40,,,,,
000115550CPC SLEEK CABLE AUDIO EA3.0005.00015.00,,,,,
000115838CPC 8PIN 10FT SYNC CHRG CABLE1.0004.9804.98,,,,,
000115840CPC MICRO USB 10FT SYNC CABLE2.0005.00010.00,,,,,
000116423CPC SLEEK EARPHONES W MIC6.0007.50045.00,,,,,
000116604SMART MICRO USB BRAID METL CBL­5.0003.500­17.50,,,,,
000116732SMART SLEEK USB TYP C CHRG CBL6.0005.01830.11,,,,,
000118088CPC MICRO USB PRNTD CHRG N SYN13.0003.00039.00,,,,,
000118089CPC USB TYPE­C CHRG N SYNC CBL33.0003.500115.50,,,,,
000118090CPC 3.1A DUAL USB PRT CAR CHG3.0005.91717.75,,,,,
000118437CPC 10FT TYPE­C CHRG CABLE4.0005.31821.27,,,,,
000118443TYPE C USB BRAID MTLIC CHG CBL16.0003.80660.89,,,,,
000118551CPC WIRELESS CHARGER1.00010.00010.00,,,,,
000119584CPC CABLE ANIMAL BITES121.0000.950114.95,,,,,
000119917CPC SAFETY EGNITER FLAMELESS8.0004.44035.52,,,,,
"Inventory Value for Category: 015588.0002,177.82",,,,,
Category: 016BUSINESS SERVICES,,,,,
000051446ROGERS WIRELESS 30.00­1.00028.800­28.80,,,,,
000090721CHATR WIRELESS 25.00­1.00024.000­24.00,,,,,
000119036LUCKY MOBILE 25.00­1.00024.000­24.00,,,,,
Inventory Value for Category: 016­3.000­76.80,,,,,
Category: 020PUBLICATIONS,,,,,
000051008MA SW ONTARIO MAP5.0003.57017.85,,,,,
000052838MA WINDSOR2.0002.9705.94,,,,,
000070749MA BRANTFORD WOODSTOCK MAP1.0002.9702.97,,,,,
000087305MASARNIA MAP1.0002.9702.97,,,,,
000087317MA USA MAP3.0003.57010.71,,,,,
000112116MA ONTARIO MAP NEW6.0003.57021.42,,,,,
000113102MA LONDON ST THOMAS MAP6.0003.57021.42,,,,,
000081742MA ONTARIO EASYFINDER3.0004.77014.31,,,,,
000045548MA  ONTARIO ATLAS1.00011.97011.97,,,,,
000070760MA ONTARIO POCKET GUIDE2.0005.97011.94,,,,,
000081728LONDON STREET GUIDE4.0005.97023.88,,,,,
000116885MA SARNIA WINDSOR LAKE HURON3.0007.77023.31,,,,,
Inventory Value for Category: 02037.000168.69,,,,,
Category: 021SWEET SNACKS SINGLE SERVE,,,,,
000093884KIND ALMOND COCONUT 40G11.0001.28114.09,,,,,
000108962KIND BAR DRK CHO NUT SLT 40G13.0001.26516.45,,,,,
000118095CLIF WHEY PROTIEN PB CHOC 56G10.0001.66116.61,,,,,
000077391CLIFF BAR CHOCOLATE CHIP 68G7.0001.0047.03,,,,,
000077392CLIFF BAR CRUNCHY PNUTB 68G13.0001.01013.13,,,,,
000101042CLIFF BAR CHOC ALMD FUDGE 68G12.0001.00612.07,,,,,
000107774CLIF BAR BUILDERS CHOC PN 68G18.0001.25822.65,,,,,
000109098CLIFF BAR WHT CHOC MACADAM 68G18.0001.01018.18,,,,,
Inventory Value for Category: 021102.000120.21,,,,,
Category: 022SALTY SNACKS,,,,,
"Page:7Print date:4/1/2020Start time:11:35:23 am",,,,,
Item number,Item name,Quantit,Cos,Valu,
000113625FL SPITZ SNFLWR SDS BBQ 210G5.0001.5307.65,,,,,
000113626FL SPITZ SNFLWR CR PEP 210G3.0001.6434.93,,,,,
000113627FL SPITZ SNFLWR SP SW CHL 210G5.0001.6128.06,,,,,
000114577FL SPITZ SNFLWR SEASONED 210G4.0001.6606.64,,,,,
000114578FL SPITZ SNFLWR DILL PICK 210G3.0001.6604.98,,,,,
000114579FL SPITZ SNFLWR SALTED 210G5.0001.6088.04,,,,,
000107554FL SMARTFOOD WHT POPCORN 50G5.0001.3466.73,,,,,
000035134MCSWNYS PEP BF 80G5.0004.43422.17,,,,,
000035136MCSWNYS BF TRYKI 80G6.0004.80028.80,,,,,
000041985MCSWNYS BF JRKY ORG 80G6.0004.80028.80,,,,,
000048351JCK LNK JRKY TERIYAKI 80G10.0004.18241.82,,,,,
000048352JCK LNK JRKY SWT N HOT 80G2.0004.0808.16,,,,,
000048353JCK LNK JRKY PEP 80G7.0004.01428.10,,,,,
000048354JCK LNK JRKY ORIGINAL 80G10.0004.18741.87,,,,,
000072107JCK LNK JALAPENO JERKY 80G4.0004.05516.22,,,,,
000087300JCK LNK HICKORY BEEF JERKY 80G2.0004.0908.18,,,,,
000087891JCK LNK JMBO ORIG BF JRKY 230G1.0008.8708.87,,,,,
000087892JCK LNK JMB ORG TRYK JRKY 230G5.0009.05445.27,,,,,
000115770JCK LNK L KIT SZECH PPR BF 63G2.0003.8557.71,,,,,
000117822JACK LINKS BACON JERKY 65G4.0003.81015.24,,,,,
000119649JACK LINKS EX TENDER ORIG 80G­1.0003.690­3.69,,,,,
000119650JACK LINKS EX TENDER TERIY 80G1.0003.6903.69,,,,,
000119759JCK LNK L KIT ORG 63G1.0004.1904.19,,,,,
000119777JCK LNK ORIGINAL NUG 81G8.0003.69029.52,,,,,
000119778JCK LNK TERIYAKI NUG 81G7.0003.69025.83,,,,,
000043175JCK LNK BF STICK HT N SPCY 50G26.0002.00352.09,,,,,
000043177JCK LNK BF STICK ORIG 50G46.0002.03193.43,,,,,
000075117JCK LNK BEEF STICK TRYKI 50G3.0002.0906.27,,,,,
000106820JCK LNK ORIG PEPP STICK 80G6.0002.08312.50,,,,,
000106868JCK LNK HOT PEP STICK 80G12.0002.08425.01,,,,,
000113742JCK LNK ORIG PEP STICK 22G63.0000.66742.04,,,,,
000113743JCK LNK HOT PEPP STICK 22G6.0000.6203.72,,,,,
000120538JL ORIG SNACK SNACK STICK 150G4.0004.19016.76,,,,,
000120541JL TURKEY SNACK STICK 150G3.0003.39010.17,,,,,
000079918JCK LNK ORIG BEEF STEAK 28G18.0002.09037.62,,,,,
000079946JCK LNK HOT N SWT STK 28G12.0002.08925.07,,,,,
000079947JCK LNK TERIYAK BEEF STEAK 28G11.0002.09022.99,,,,,
000119776JL TERIYAKI STEAK STP BARS 25G14.0001.73424.28,,,,,
000119779JL ORG STEAK STP BARS 25G12.0001.69320.31,,,,,
000107549FL CHEETOS PUFFS 84G5.0001.2946.47,,,,,
000107550FL CHEETOS CRUNCHY 90G4.0001.3505.40,,,,,
000119950FL CHEETOS PUFFS WH CHED 80G2.0001.3502.70,,,,,
000107542FL DORITOS NACHO CH 80G6.0001.3237.94,,,,,
000107543FL DORITOS ZESTY CH 80G10.0001.32413.24,,,,,
000107544FL DORITOS COOL RANCH 80G5.0001.3206.60,,,,,
000107546FL DORITOS SWEET CHILI HET 80G6.0001.3107.86,,,,,
000107547FL DORITOS JALAPENO CHED 80G1.0001.3501.35,,,,,
000087316FL HICKORY STICKS 90G5.0001.3506.75,,,,,
000107523FL LAYS KETCHUP 66G1.0001.2601.26,,,,,
000107524FL LAYS SALT AND VINEGAR 66G5.0001.3506.75,,,,,
000107526FL LAYS BBQ 66G4.0001.3505.40,,,,,
000107527FL LAYS DILL PICKLE 66G4.0001.3455.38,,,,,
000107531FL MISS VICKIES ORIGINAL 66G1.0001.2101.21,,,,,
000107533FL MISS VICKIES SS MV 66G3.0001.3534.06,,,,,
000107535FL RUFFLES REGULAR 66G8.0001.30510.44,,,,,
000107536FL RUFFLES ALL DRESSED 66G6.0001.3187.91,,,,,
000107537FL RUFFLES SC ONION 66G4.0001.3285.31,,,,,
000107553FL MUNCHO 60G3.0001.3504.05,,,,,
000107555FL LAYS CLASSIC 66G12.0001.32315.88,,,,,
000117027FL RUFFLES SALT VINEGAR 66G3.0001.2903.87,,,,,
000122068F JALAPENO CHEDD 66G1.0001.3501.35,,,,,
000087312FL MUNCHIES SNK MX 90G5.0001.3786.89,,,,,
000113601FL DORITOS NACHO CHEESE 255G9.0003.07827.70,,,,,
000113603FL DORITOS COOL RANCH 255G1.0002.8902.89,,,,,
000113607FL DORITOS JALAPENO CH 255G1.0003.3603.36,,,,,
000113608FL DORITOS SW CH IHT 255G2.0002.8905.78,,,,,
000100935FL WAVY ORIGINAL 180G4.0002.56010.24,,,,,
000100936FL LAYS BBQ 180G1.0002.4702.47,,,,,
000100943FL LAYS KETCHUP 180G1.0002.4602.46,,,,,
000121870FL LAYS CLASSIC 165G2.0002.5605.12,,,,,
"Page:8Print date:4/1/2020Start time:11:35:23 am",,,,,
Item number,Item name,Quantit,Cos,Valu,
000121871FL LAYS BBQ 165G2.0002.5605.12,,,,,
000121872FL LAYS SR ONION 165G3.0002.5277.58,,,,,
000121874FL LAYS SALT VINEGAR 165G3.0002.4607.38,,,,,
000121875FL LAYS KETCHUP 165G2.0002.4604.92,,,,,
000121876FL LAYS JALAPENO CHEDDAR 165G4.0002.4609.84,,,,,
000121877FL LAYS DILL PICKLE 65G2.0002.5605.12,,,,,
000121968FL RUFFLES REGULAR 200G4.0002.95011.80,,,,,
000121970FL RUFFLES SR CREAM ONION 200G2.0003.1706.34,,,,,
000121971FL RUFFLES ALL DRESSED 200G4.0003.17012.68,,,,,
"Inventory Value for Category: 022497.0001,068.91",,,,,
Category: 023PACKAGED SOFT DRINKS,,,,,
000049885PEPSI MUG ROOT BEER 591ML25.0001.67841.94,,,,,
000049886PEPSI WILD CHERRY 591ML15.0001.68425.26,,,,,
000049896PEPSI DIET 591ML43.0001.68772.56,,,,,
000049898PEPSI MOUNTAIN DEW 591ML12.0001.66419.97,,,,,
000049899PEPSI DR PEPPER 591ML14.0001.68623.60,,,,,
000049901PEPSI 7UP 591ML2.0001.6553.31,,,,,
000049902PEPSI 591ML43.0001.68772.54,,,,,
000049903PEPSI SCHWEPPES GNGR ALE 591ML18.0001.68330.29,,,,,
000049907PEPSI CRUSH ORANGE 591ML20.0001.68633.71,,,,,
000053946PEPSI DR PEPPER DIET 591ML26.0001.68643.83,,,,,
000100700PEPSI MOUNTAIN DEW VOLTG 591ML13.0001.68721.93,,,,,
000119709PEPSI MOUNTAIN DEW BAJA 591ML1.0001.6801.68,,,,,
000121980COKE DIET SLK XTRA VANIL 310ML6.0000.000,,,,,
000105347COKE CLASSIC 500ML54.0001.31270.85,,,,,
000105348COKE DIET 500ML37.0001.31348.57,,,,,
000105349COKE ZERO 500ML25.0001.31232.81,,,,,
000105351COKE SPRITE 500ML9.0001.31311.82,,,,,
000105352COKE CANADA DRY 500ML34.0001.31344.63,,,,,
000119665COKE CANADA DRY POMEGRAN 500ML23.0001.50034.50,,,,,
000120673COKE STEVIA 500ML1.0001.3101.31,,,,,
000121857COKE DIET XTRA VANIL LTO 500ML3.0001.3133.94,,,,,
000121858COKE ORANGE VANILLA LTO 500ML­4.0001.440­5.76,,,,,
Inventory Value for Category: 023420.000633.29,,,,,
Category: 024TOBACCO,,,,,
000006440ZIG ZAG WHITE BOOKLETS 1X259.0001.63014.67,,,,,
000006982PLAYERS BOOKLETS 1X2523.0001.66238.22,,,,,
000015057ZIG ZAG BLUE BOOKLETS 1X2513.0001.66021.58,,,,,
000079312ZIG ZAG ULTRA THIN SLOW BURN25.0001.73043.24,,,,,
000116931RBH IQOS HEETS BIRCH SILVR 1603.00071.000213.00,,,,,
000116932RBH IQOS HEETS ELM RED 160S3.00068.500205.50,,,,,
000117741ZIG ZAG KS SLIM BOOKLET 1X3225.0001.76344.07,,,,,
000118537RBH IQOS HEETS ELM RED 50S3.00023.01069.03,,,,,
000118538RBH IQOS HEETS BIRCH SILVER 503.00023.01069.03,,,,,
000118739ZIG ZAG HEMP KS13.0001.38518.01,,,,,
000118740ZIG ZAG UNBLEACHED 1.25­13.0001.730­22.49,,,,,
000120027RBH IQOS HEETS OAK 16G 50S3.00015.76047.28,,,,,
000120028RBH IQOS HEETS OAK 49G 160S3.00038.000114.00,,,,,
000002251RBH NUMBER 7 OG R 25P7.00012.75389.27,,,,,
000002253RBH NUMBER 7 SP R 25P6.00012.75276.51,,,,,
000002255RBH NUMBER 7 OG KS 25P2.00012.75025.50,,,,,
000002387PLAYERS ORIGINAL RG 25P6.00013.37280.23,,,,,
000002405DUMAURIER SMOOTH KS 25P12.00012.796153.55,,,,,
000002408PLAYERS RICHE REG 25P6.00013.55081.30,,,,,
000002418PLAYERS RICHE KS 25P­2.00013.550­27.10,,,,,
000002429JOHN PLAYER PLS FUL KS 25P5.00012.51262.56,,,,,
000002441DUMAURIER SIGN KS 25P10.00012.798127.98,,,,,
000002443DUMAURIER SIGN RG 25P13.00012.792166.29,,,,,
000002448DUMAURIER SMOOTH RG 25P16.00012.819205.10,,,,,
000002466MATINEE KS 25P5.00014.93874.69,,,,,
000002471MATINEE MELLOW RG 25P5.00014.90074.50,,,,,
000002476MATINEE MELLOW KS 25P15.00014.987224.81,,,,,
000002479JOHN PLAYER PLS MELO KS 25P7.00012.53087.71,,,,,
000002498DUMAURIER DIST RG 25P9.00012.799115.19,,,,,
000002500DUMAURIER DIST KS 25P1.00012.81012.81,,,,,
000002506PLAYERS SMTH KS 25P10.00013.550135.50,,,,,
"Page:9Print date:4/1/2020Start time:11:35:23 am",,,,,
Item number,Item name,Quantit,Cos,Valu,
000002516JOHN PLAYER PLUS SELECT KS 25P8.00012.531100.25,,,,,
000002599PLAYERS SMTH REG 25P­2.00013.550­27.10,,,,,
000002744JTI EXPORT ORIG KS 25P15.00013.269199.03,,,,,
000002748JTI EXPORT A SMOOTH RG 25P7.00013.26992.88,,,,,
000003604RBH CDN CL ORIG KS 25P21.00012.267257.61,,,,,
000003605RBH CDN CL ORIG RG 25P8.00012.26598.12,,,,,
000031923RBH BELMONT KS 25P8.00012.814102.51,,,,,
000038751RBH CDN CL SLCT KS 25P14.00012.267171.74,,,,,
000038753RBH CDN CL SLCT R 25P10.00012.255122.55,,,,,
000041666RBH BELMONT RG 25P14.00012.812179.37,,,,,
000042731MATINEE SUBTLE RG 25P5.00014.97074.85,,,,,
000042733MATINEE SUBTLE KS 25P9.00014.978134.80,,,,,
000045770DUMAURIER MLLW REG 25P5.00012.82464.12,,,,,
000045772DUMAURIER MLLW KS 25P14.00012.784178.98,,,,,
000069990JTI MACDONALD ORIG KS 25P4.00010.29541.18,,,,,
000069991JTI MACDONALD RICH KS 25P5.00010.60653.03,,,,,
000069992JTI MACDONALD ORIG R 25P8.00010.60684.85,,,,,
000069993JTI MACDONALD RICH R 25P8.00010.60684.85,,,,,
000072356JOHN PLAYER PL SMOOTH KS 25P6.00012.53275.19,,,,,
000073581JTI MACDONALD SMTH K 25P8.00010.62384.98,,,,,
000074172RBH ACCORD RG 25P6.00013.23779.42,,,,,
000074826RBH BELMONT SELECT KS 25P8.00012.790102.32,,,,,
000074830RBH BELMONT SELECT R 25P6.00012.81276.87,,,,,
000077011JOHN PLAYER SMOOTH K 25P9.00011.488103.39,,,,,
000077013JOHN PL SMOOTH RG 25P7.00011.48980.42,,,,,
000077019JOHN PLAYER RICH K 25P48.00011.488551.43,,,,,
000077021JOHN PLAYER RICHE RG 25P44.00011.488505.45,,,,,
000077381VICEROY SMTH RG 25P5.00011.73058.65,,,,,
000077383VICEROY SMTH K 25P8.00011.24489.95,,,,,
000077387VICEROY FULL K 25P3.00011.28033.84,,,,,
000083946RBH NEXT ORIG RG 25P24.00011.205268.92,,,,,
000083948RBH NEXT ORIG KG 25P7.00011.20678.44,,,,,
000083950RBH NEXT SLCT RG 25P7.00011.13377.93,,,,,
000083952RBH NEXT SLCT KG 25P9.00011.204100.84,,,,,
000087060PALL MALL SMOOTH KS 25P1.00011.00011.00,,,,,
000087062PALL MALL SMOOTH RG 25P9.00011.00199.01,,,,,
000087064PALL MALL FULL KS 25P4.00010.98543.94,,,,,
000087066PALL MALL FULL RG 25P3.00011.00033.00,,,,,
000087125RBH NEXT XTRA RG 25P11.00011.205123.26,,,,,
000087129RBH NEXT XTRA KG 25P6.00011.15566.93,,,,,
000092854JOHN PLAYER PLUS X­SMTH KS 25P8.00012.531100.25,,,,,
000092895PALL MALL BOLD RG 25P7.00010.66774.67,,,,,
000092899PALL MALL BOLD KG 25P10.00010.978109.78,,,,,
000094400JOHN PLAYER BOLD RG 25P6.00011.48868.93,,,,,
000094402JOHN PLAYER BOLD K 25P13.00011.485149.31,,,,,
000105723JTI LD BOLD KS 25P9.0009.86488.78,,,,,
000105725JTI LD MED RG 25P8.0009.96979.75,,,,,
000105729JTI LD MED KS 25P7.0009.96769.77,,,,,
000106412PHILIP M SP KS 25P6.00010.66263.97,,,,,
000107249JTI LD VELOUTE KS 25P12.0009.968119.61,,,,,
000108580JOHN PLAYER PL SMOOTH RG 25PB5.00012.21261.06,,,,,
000108584JOHN PLAYER PLS SLCT RG 25P BV9.00012.514112.63,,,,,
000108586JOHN PLAYER PLS FUL RG 25P B18.00012.532225.57,,,,,
000108640PALL MALL SPECIALE FULL KS 25P8.00010.91587.32,,,,,
000108642PALL MALL SPECIALE FULL RG 25P15.00010.687160.31,,,,,
000108836RBH PHILIP MORRIS OG KS 25P4.00010.93843.75,,,,,
000113141RBH NEXT SMTH KG 25P9.00010.64495.80,,,,,
000113150JTI LD STANDARD MED KS 25P7.0009.65667.59,,,,,
000113281RBH PHILIP MORRIS OG RG 25P7.00010.97476.82,,,,,
000113283PHILIP M SP RG 25P7.00010.97476.82,,,,,
000113674CAMEL NORTH BOLD KS 25P8.00011.21989.75,,,,,
000113678CAMEL NORTH SMTH KS 25P8.00011.53192.25,,,,,
000114686PALL MALL SPECL SMTH RG 25P6.00011.00066.00,,,,,
000114688PALL MALL SPECL SMTH KS 25P2.00011.00022.00,,,,,
000115888RBH ROTHMANS STND ORGNL KS 25P8.00010.97487.79,,,,,
000115892RBH ROTHMANS STND ORGNL RG 25P8.00010.97487.79,,,,,
000115896RBH ROTHMANS STND SPCL KS 25P7.00010.97476.82,,,,,
000115898RBH ROTHMANS STND SPCL RG 25P8.00010.97487.79,,,,,
000120678DUMAURIER SYNC KS 25P8.00012.615100.92,,,,,
000120955PALL MALL SP SMOOTH KS 25P7.00010.68974.82,,,,,
"Page:10Print date:4/1/2020Start time:11:35:23 am",,,,,
Item number,Item name,Quantit,Cos,Valu,
000120957PALL MALL SP XL FULL KS 25P6.00010.69064.14,,,,,
000120959PALL MALL XL BOLD 25P4.00010.68842.75,,,,,
000120961PALL MALL XL SMOOTH 25P24.00011.001264.03,,,,,
000002426STG COLTS RUM AND WINE 8P6.0009.40556.43,,,,,
000002473STG COLTS RUM AND WINE MILD 8P9.0009.77988.01,,,,,
000069111STG COLTS WHISKY 8P1.0009.3609.36,,,,,
000069112STG COLTS WHISKY EA15.0001.19717.96,,,,,
000106119STG TALON ORIGINAL CIGARS 20P8.0007.22157.77,,,,,
000106120STG TALON STEEL 20P20.0006.868137.36,,,,,
000106784STG COLTS RUM WINE EA6.0001.1887.13,,,,,
000106785STG COLTS RUM WINE MILD EA9.0001.25211.27,,,,,
000109281STG COLTS WHITE 8P4.0009.37537.50,,,,,
000113483STG COLTS BLACK 8P8.0009.40575.24,,,,,
000113575RBH CAPTAIN BLACK WINE 8P6.00010.39562.37,,,,,
000113576RBH CAPTAIN BLACK WHISKEY 8P2.00010.39520.79,,,,,
000113577RBH CAPTAIN BLACK RUM 8P10.00010.398103.98,,,,,
000115212STG M COLTS RED WINE 8P3.0008.58725.76,,,,,
000115213STG M COLTS WHITE WINE 8P3.0008.48325.45,,,,,
000115214STG M COLTS ROSE WINE 8P9.0008.04872.43,,,,,
000115215STG M COLTS BLACK EDITION 8P9.0009.15182.36,,,,,
000115612STG M COLTS RED WINE EA26.0001.05827.50,,,,,
000115614STG M COLTS ROSE WINE EA25.0001.06626.64,,,,,
000115615STG M COLTS WHITE WINE EA9.0000.9108.19,,,,,
000115911COLTS SPECIAL ORIGINAL 20P5.0009.19445.97,,,,,
000081045COPENHAGEN SNUFF 34G5.00018.99694.98,,,,,
000081046COPENHAGEN LONGUE CUT 34G4.00018.99575.98,,,,,
000081050SKOAL STRAIGHT 34G4.00018.99575.98,,,,,
000101384COPENHAGEN STHERN BLND 34G3.00018.93056.79,,,,,
000101386SKOAL STRAIGHT POUCHES 23.25G6.00016.15896.95,,,,,
000113175COPENHAGEN STRGHT 34G1.00019.00019.00,,,,,
000113176COPENHAGEN ORG POUCHES 23.25G5.00016.15680.78,,,,,
000116656SKOAL DARK 34G2.00018.96537.93,,,,,
000030491RBH BELMONT KS 20P7.00010.14771.03,,,,,
000030494RBH CDN CL ORIG KS 20P9.0009.81488.33,,,,,
000030501DUMAURIER SIGN KS 20P13.00010.372134.84,,,,,
000030502DUMAURIER SMOOTH KS 20P14.00010.359145.03,,,,,
000030503DUMAURIER SP KS 20P7.00012.26385.84,,,,,
000030504DUMAURIER DIST KS 20P16.00010.373165.97,,,,,
000030521JOHN PLAYER PLS FUL KS 20P5.0009.72448.62,,,,,
000030522PLAYERS SMTH KS 20P5.00010.15250.76,,,,,
000030523PLAYERS RICHE KS 20P5.00010.49052.45,,,,,
000030538RBH CDN CL ORIG RG 20P3.0009.81329.44,,,,,
000030541DUMAURIER SIGN RG 20P7.00010.37472.62,,,,,
000030542DUMAURIER SMOOTH RG 20P13.00010.372134.84,,,,,
000030543DUMAURIER DIST RG 20P4.00010.28541.14,,,,,
000030556PLAYERS SMTH REG 20P10.00010.840108.40,,,,,
000030558PLAYERS REG 20P5.00010.84054.20,,,,,
000039032RBH CDN CL SLCT KS 20P10.0009.81498.14,,,,,
000039034RBH CDN CL SLCT R 20P6.0009.81358.88,,,,,
000041668RBH BELMONT RG 20P12.00010.148121.78,,,,,
000045774DUMAURIER MLLW REG 20P10.00010.372103.72,,,,,
000045776DUMAURIER MLLW KS 20P9.00010.34093.06,,,,,
000050164JOHN PLAYER PLS FULL RG 20P4.0009.77539.10,,,,,
000050166JOHN PLAYER PLUS SELECT RG 20P7.00010.02470.17,,,,,
000050168JOHN PLAYER PLUS SELECT KS 20P8.0009.77578.20,,,,,
000051987JOHN PLAYER PLS MELO RG 20P9.0009.77487.97,,,,,
000072350JOHN PLAYER PL SMOOTH RG 20P10.00010.025100.25,,,,,
000072352JOHN PLAYER PL SMOOTH KS 20P10.00010.025100.25,,,,,
000077015JOHN PLAYER SMOOTH KS 20P5.0009.21446.07,,,,,
000077017JOHN PLAYER SMOOTH 20P2.0009.19018.38,,,,,
000077023JP STANDARD RICHE KS 20P10.0009.21192.11,,,,,
000077025JOHN PLAYER RICHE 20P7.0009.21464.50,,,,,
000077379VICEROY FULL KS 20P10.0009.38493.84,,,,,
000083666RBH NEXT ORIG KG 20P8.0008.96471.71,,,,,
000087059PALL MALL SMOOTH KS 20P8.0008.80570.44,,,,,
000087061PALL MALL SMOOTH RG 20P5.0008.80044.00,,,,,
000087063PALL MALL FULL KS 20P6.0008.79752.78,,,,,
000087065PALL MALL FULL RG 20P10.0008.80188.01,,,,,
000087131RBH NEXT XTRA KG 20P9.0008.51476.63,,,,,
000094399JOHN PLAYER BOLD 20P10.0008.58385.83,,,,,
"Page:11Print date:4/1/2020Start time:11:35:23 am",,,,,
Item number,Item name,Quantit,Cos,Valu,
000094401JOHN PLAYER BOLD KS 20P9.0009.21182.90,,,,,
000100964PALL MALL XL SMTH  20P21.0008.768184.12,,,,,
000100966PALL MALL XL BOLD KS 20P14.0008.731122.23,,,,,
000106630PALL MALL SPECIALE SMTH KS 20P6.0008.70552.23,,,,,
000108644PALL MALL SPECIALE ROUG KS 20P5.0008.80244.01,,,,,
000108838RBH PHILIP MORRIS OG KS 20P10.0008.77987.79,,,,,
000113468PALL MALL SPECIALE FULL RG 20P17.0008.552145.38,,,,,
000113470PALL MALL SPECIALE SMTH RG 20P8.0008.79570.36,,,,,
000114804PALL MALL SPECL SMTH XL 20P10.0008.54585.45,,,,,
000114806PALL MALL SPECL FULL XL 20P7.0008.55159.86,,,,,
000115894RBH ROTHMANS STND SPCL KS 20P9.0008.77979.01,,,,,
000119869MARLBORO F FLAVOUR KS 20P9.0009.68787.18,,,,,
000119871MARLBORO KS 20P10.0009.68796.87,,,,,
000119882MARLBORO SEL KS 20P10.0009.68796.87,,,,,
000120680DUMAURIER SYNC KS 20P10.00010.372103.72,,,,,
000088542BIC LIGHTER REGULAR47.0000.98646.34,,,,,
000088552BIC MINI LIGHTER46.0000.83538.41,,,,,
000089007BIC LIGHTER FLIC YOUR BIC40.0001.24149.63,,,,,
000111507SCRIPTO MINI LIGHTER35.0000.60921.30,,,,,
"Inventory Value for Category: 0241,779.00016,620.53",,,,,
Category: 025MISCELLANEOUS,,,,,
000999996XSP MISPICK RECEIVED12.0002.28327.40,,,,,
Inventory Value for Category: 02512.00027.40,,,,,
Category: 036PROPANE ACCESSORIES,,,,,
000006055OPD PROPANE BOTTLE 20LB25.00025.950648.75,,,,,
000007697PROPANE BOTTLE EXCHANGE21.00018.269383.64,,,,,
"Inventory Value for Category: 03646.0001,032.39",,,,,
Category: 040VAPOUR PRODUCTS,,,,,
000118608VYPE EPEN3 CRISP MINT 0M3.00011.90035.70,,,,,
000118641zVYPE EPEN3 VPRO MINT 18M22.00011.900261.80,,,,,
000119593VYPE EPEN3 VPRO MB TOBACC 12MG6.00011.90071.40,,,,,
000119594VYPE EPEN3 VPRO MINT 12MG18.00011.900214.20,,,,,
000119596VYPE EPOD VANILLA MEDLEY 5PCT5.00010.20051.00,,,,,
000119597VYPE EPOD MANGO WONDER 5PCT3.00010.20030.60,,,,,
000119598VYPE EPOD TOBACCO MARVEL 5PCT38.00010.200387.60,,,,,
000119599VYPE EPOD BERRY BLAST 5PCT7.00010.20071.40,,,,,
000119600VYPE EPOD POLAR MINT 5PCT3.00010.20030.60,,,,,
000120151VYPE EPEN3 VPRO MANGO 12MG3.00011.90035.70,,,,,
000120152VYPE EPEN3 VPRO VANILLA 12MG12.00011.900142.80,,,,,
000120153VYPE EPEN3 VPRO CHERRY 12MG4.00011.90047.60,,,,,
000120364VYPE EPOD VANILLA MEDLEY 3PCT3.00010.20030.60,,,,,
000120365VYPE EPOD MANGO WONDER 3PCT5.00010.20051.00,,,,,
000120366VYPE EPOD TOBACCO MARVEL 3PCT41.00010.200418.20,,,,,
000120367VYPE EPOD BERRY BLAST 3PCT7.00010.20071.40,,,,,
000120369VYPE EPEN3 VPRO MINT 30MG19.00011.900226.10,,,,,
000120370VYPE EPEN3 VPRO APPLE 30MG11.00011.900130.90,,,,,
000120371VYPE EPEN3 VPRO DK CHERRY 30MG4.00011.90047.60,,,,,
000120372VYPE EPEN3 VPRO VANILLA 30MG20.00011.900238.00,,,,,
000120373VYPE EPEN3 VPRO TOBACCO 30MG3.00011.90035.70,,,,,
000120374VYPE EPEN3 VPRO PEACH 30MG11.00011.900130.90,,,,,
000120375VYPE EPEN3 VPRO STRAWBRY 30MG3.00011.90035.70,,,,,
000120376VYPE EPEN3 VPRO R MANGO 30MG5.00011.90059.50,,,,,
000120377VYPE EPEN3 VPRO PEACH 12MG7.00011.90083.30,,,,,
000120379VYPE EPEN3 VPRO STRWBRY 12MG4.00011.90047.60,,,,,
000120380VYPE EPEN3 VPRO FR APPLE 12MG5.00011.90059.50,,,,,
000120519VYPE EPEN3 KIT 30M BLUE2.00016.99033.98,,,,,
000120522VYPE EPEN3 KIT 30M BLACK6.00016.990101.94,,,,,
000120568ITL VYPE EPOD MANGO STARTR KIT1.00016.99016.99,,,,,
000120639VYPE EPOD STRAWBERRY 5PCT9.00010.20091.80,,,,,
000120699ITL VYPE EPOD MULTI FLAVOUR 4P6.00017.840107.04,,,,,
000121818VYPE EPOD POLAR MINT 1.6PCT5.00010.20051.00,,,,,
000121819VYPE EPEN3 CLASS TOBACCO 12M6.00011.90071.40,,,,,
000121824ITL VYPE EPOD SOLO LT SILVER1.00016.99016.99,,,,,
000121830VYPE EPOD VANILLA MEDLY 1.6PCT6.00010.20061.20,,,,,
000121831VYPE EPOD BLOOD ORANGE 1.6PCT4.00010.20040.80,,,,,
"Page:12Print date:4/1/2020Start time:11:35:23 am",,,,,
Item number,Item name,Quantit,Cos,Valu,
000121832VYPE EPOD BLOOD ORANGE 3PCT2.00010.20020.40,,,,,
000121834VYPE EPOD BLOOD ORANGE 5PCT6.00010.20061.20,,,,,
000121835VYPE EPOD STRAWBERRY 1.6PCT5.00010.20051.00,,,,,
000121836VYPE EPOD STRAWBERRY 3PCT2.00010.20020.40,,,,,
000121838VYPE EPOD CUCUMBER 1.6PCT3.00010.20030.60,,,,,
000121839VYPE EPOD CUCUMBER 3PCT3.00010.20030.60,,,,,
000121840VYPE EPOD CUCUMBER 5PCT6.00010.20061.20,,,,,
000121841VYPE EPOD WILD MANGO 1.6PCT3.00010.20030.60,,,,,
000121842VYPE EPOD GOLDN TOBACCO 1.6PCT6.00010.20061.20,,,,,
000121843VYPE EPOD VERY BERRY 1.6PCT5.00010.20051.00,,,,,
000121844VYPE EPOD MULTI FLVR 3PCT 4PK4.00017.84071.36,,,,,
"Inventory Value for Category: 040363.0004,129.10",,,,,
Category: 095PETRO­CANADA PRE­PAID CARDS,,,,,
000045117PC GIFT CARD BILINGUAL 50.00274.0000.0020.52,,,,,
000045118PC GIFT CARD BILINGUAL 100.00248.0000.0010.34,,,,,
000046205PC GIFT CARD BILINGUAL 25.00301.0000.0020.51,,,,,
000080112FUEL SAVINGS CARD CARRIER 5.0160.0000.0030.53,,,,,
000080337CARTE D ECONOMIE PORTE­CARTE 5141.0000.000,,,,,
000107565FUEL SAVINGS CARD CARRIER 10.0162.0000.0010.24,,,,,
"Inventory Value for Category: 0951,286.0002.14",,,,,
"TOTAL INVENTORY VALUE8,109.00033,465.11",,,,,
